<specific_entities>
<specific_entity>
  <string>44</string>
  <position>211</position>
  <length>2</length>
  <type>Numex.NUMBER</type>
</specific_entity>
<specific_entity>
  <string>five</string>
  <position>282</position>
  <length>4</length>
  <type>Numex.NUMBER</type>
</specific_entity>
<specific_entity>
  <string>1970s</string>
  <position>842</position>
  <length>5</length>
  <type>Numex.NUMBER</type>
</specific_entity>
<specific_entity>
  <string>1979</string>
  <position>892</position>
  <length>4</length>
  <type>Numex.NUMBER</type>
</specific_entity>
<specific_entity>
  <string>50</string>
  <position>964</position>
  <length>2</length>
  <type>Numex.NUMBER</type>
</specific_entity>
<specific_entity>
  <string>1 million</string>
  <position>1166</position>
  <length>9</length>
  <type>Numex.NUMBER</type>
</specific_entity>
<specific_entity>
  <string>six</string>
  <position>1413</position>
  <length>3</length>
  <type>Numex.NUMBER</type>
</specific_entity>
<specific_entity>
  <string>one</string>
  <position>1508</position>
  <length>3</length>
  <type>Numex.NUMBER</type>
</specific_entity>
<specific_entity>
  <string>five</string>
  <position>1602</position>
  <length>4</length>
  <type>Numex.NUMBER</type>
</specific_entity>
<specific_entity>
  <string>One</string>
  <position>2509</position>
  <length>3</length>
  <type>Numex.NUMBER</type>
</specific_entity>
<specific_entity>
  <string>three</string>
  <position>2753</position>
  <length>5</length>
  <type>Numex.NUMBER</type>
</specific_entity>
<specific_entity>
  <string>one</string>
  <position>2935</position>
  <length>3</length>
  <type>Numex.NUMBER</type>
</specific_entity>
<specific_entity>
  <string>late 1970s</string>
  <position>837</position>
  <length>10</length>
  <type>DateTime.DATE</type>
</specific_entity>
<specific_entity>
  <string>1979</string>
  <position>892</position>
  <length>4</length>
  <type>DateTime.DATE</type>
</specific_entity>
<specific_entity>
  <string>44 years old</string>
  <position>211</position>
  <length>12</length>
  <type>DateTime.TIME</type>
</specific_entity>
<specific_entity>
  <string>$1 million</string>
  <position>1165</position>
  <length>10</length>
  <type>Numex.NUMEX</type>
</specific_entity>
<specific_entity>
  <string>six years</string>
  <position>1413</position>
  <length>9</length>
  <type>Numex.NUMEX</type>
</specific_entity>
<specific_entity>
  <string>Securities and Exchange Commission</string>
  <position>128</position>
  <length>34</length>
  <type>Organization.ORGANIZATION</type>
</specific_entity>
<specific_entity>
  <string>the House</string>
  <position>478</position>
  <length>9</length>
  <type>Organization.ORGANIZATION</type>
</specific_entity>
<specific_entity>
  <string>SEC</string>
  <position>826</position>
  <length>3</length>
  <type>Organization.ORGANIZATION</type>
</specific_entity>
<specific_entity>
  <string>Lloyd</string>
  <position>1331</position>
  <length>5</length>
  <type>Organization.ORGANIZATION</type>
</specific_entity>
<specific_entity>
  <string>Senate</string>
  <position>1375</position>
  <length>6</length>
  <type>Organization.ORGANIZATION</type>
</specific_entity>
<specific_entity>
  <string>Democrat</string>
  <position>2017</position>
  <length>8</length>
  <type>Organization.ORGANIZATION</type>
</specific_entity>
<specific_entity>
  <string>American Express</string>
  <position>2157</position>
  <length>16</length>
  <type>Organization.ORGANIZATION</type>
</specific_entity>
<specific_entity>
  <string>National Institutes of Health</string>
  <position>2549</position>
  <length>29</length>
  <type>Organization.ORGANIZATION</type>
</specific_entity>
<specific_entity>
  <string>Food and Drug Administration</string>
  <position>2634</position>
  <length>28</length>
  <type>Organization.ORGANIZATION</type>
</specific_entity>
<specific_entity>
  <string>Senate</string>
  <position>2859</position>
  <length>6</length>
  <type>Organization.ORGANIZATION</type>
</specific_entity>
<specific_entity>
  <string>Service Employees International</string>
  <position>3470</position>
  <length>31</length>
  <type>Organization.ORGANIZATION</type>
</specific_entity>
<specific_entity>
  <string>Service Employees International Union</string>
  <position>3470</position>
  <length>37</length>
  <type>Organization.ORGANIZATION</type>
</specific_entity>
<specific_entity>
  <string>White House</string>
  <position>3735</position>
  <length>11</length>
  <type>Organization.ORGANIZATION</type>
</specific_entity>
<specific_entity>
  <string>White House</string>
  <position>3759</position>
  <length>11</length>
  <type>Organization.ORGANIZATION</type>
</specific_entity>
<specific_entity>
  <string>Consuela Washington</string>
  <position>1</position>
  <length>19</length>
  <type>Person.PERSON</type>
</specific_entity>
<specific_entity>
  <string>Clinton</string>
  <position>170</position>
  <length>7</length>
  <type>Person.PERSON</type>
</specific_entity>
<specific_entity>
  <string>Washington</string>
  <position>199</position>
  <length>10</length>
  <type>Person.PERSON</type>
</specific_entity>
<specific_entity>
  <string>John Dingell</string>
  <position>450</position>
  <length>12</length>
  <type>Person.PERSON</type>
</specific_entity>
<specific_entity>
  <string>Washington</string>
  <position>568</position>
  <length>10</length>
  <type>Person.PERSON</type>
</specific_entity>
<specific_entity>
  <string>Dingell</string>
  <position>587</position>
  <length>7</length>
  <type>Person.PERSON</type>
</specific_entity>
<specific_entity>
  <string>Washington</string>
  <position>754</position>
  <length>10</length>
  <type>Person.PERSON</type>
</specific_entity>
<specific_entity>
  <string>Clinton</string>
  <position>911</position>
  <length>7</length>
  <type>Person.PERSON</type>
</specific_entity>
<specific_entity>
  <string>Frank Newman</string>
  <position>950</position>
  <length>12</length>
  <type>Person.PERSON</type>
</specific_entity>
<specific_entity>
  <string>Treasury</string>
  <position>1073</position>
  <length>8</length>
  <type>Person.PERSON</type>
</specific_entity>
<specific_entity>
  <string>Newman</string>
  <position>1118</position>
  <length>6</length>
  <type>Person.PERSON</type>
</specific_entity>
<specific_entity>
  <string>Mr. Newman</string>
  <position>1114</position>
  <length>10</length>
  <type>Person.PERSON</type>
</specific_entity>
<specific_entity>
  <string>Secretary-designate Lloyd</string>
  <position>1311</position>
  <length>25</length>
  <type>Person.PERSON</type>
</specific_entity>
<specific_entity>
  <string>Bentsen</string>
  <position>1351</position>
  <length>7</length>
  <type>Person.PERSON</type>
</specific_entity>
<specific_entity>
  <string>Mr. Bentsen</string>
  <position>1347</position>
  <length>11</length>
  <type>Person.PERSON</type>
</specific_entity>
<specific_entity>
  <string>Samuel Sessions</string>
  <position>1453</position>
  <length>15</length>
  <type>Person.PERSON</type>
</specific_entity>
<specific_entity>
  <string>Clinton</string>
  <position>1569</position>
  <length>7</length>
  <type>Person.PERSON</type>
</specific_entity>
<specific_entity>
  <string>Peter Tarnoff</string>
  <position>1668</position>
  <length>13</length>
  <type>Person.PERSON</type>
</specific_entity>
<specific_entity>
  <string>Tim Wirth</string>
  <position>1848</position>
  <length>9</length>
  <type>Person.PERSON</type>
</specific_entity>
<specific_entity>
  <string>Joan Spero</string>
  <position>2114</position>
  <length>10</length>
  <type>Person.PERSON</type>
</specific_entity>
<specific_entity>
  <string>Bush</string>
  <position>2412</position>
  <length>4</length>
  <type>Person.PERSON</type>
</specific_entity>
<specific_entity>
  <string>Bernadine Healy</string>
  <position>2516</position>
  <length>15</length>
  <type>Person.PERSON</type>
</specific_entity>
<specific_entity>
  <string>David Kessler</string>
  <position>2607</position>
  <length>13</length>
  <type>Person.PERSON</type>
</specific_entity>
<specific_entity>
  <string>Mickey Kantor</string>
  <position>2719</position>
  <length>13</length>
  <type>Person.PERSON</type>
</specific_entity>
<specific_entity>
  <string>Robert Kyle</string>
  <position>2842</position>
  <length>11</length>
  <type>Person.PERSON</type>
</specific_entity>
<specific_entity>
  <string>Clinton</string>
  <position>3083</position>
  <length>7</length>
  <type>Person.PERSON</type>
</specific_entity>
<specific_entity>
  <string>Matthew</string>
  <position>3155</position>
  <length>7</length>
  <type>Person.PERSON</type>
</specific_entity>
<specific_entity>
  <string>Gus Speth</string>
  <position>3232</position>
  <length>9</length>
  <type>Person.PERSON</type>
</specific_entity>
<specific_entity>
  <string>Kitty Higgins</string>
  <position>3347</position>
  <length>13</length>
  <type>Person.PERSON</type>
</specific_entity>
<specific_entity>
  <string>Sander Levin</string>
  <position>3387</position>
  <length>12</length>
  <type>Person.PERSON</type>
</specific_entity>
<specific_entity>
  <string>Jerry Palast</string>
  <position>3450</position>
  <length>12</length>
  <type>Person.PERSON</type>
</specific_entity>
<specific_entity>
  <string>Clinton</string>
  <position>3602</position>
  <length>7</length>
  <type>Person.PERSON</type>
</specific_entity>
<specific_entity>
  <string>Office Building</string>
  <position>3798</position>
  <length>15</length>
  <type>Person.PERSON</type>
</specific_entity>
<specific_entity>
  <string>U.S.</string>
  <position>2335</position>
  <length>4</length>
  <type>Location.LOCATION</type>
</specific_entity>
<specific_entity>
  <string>Soviet Union</string>
  <position>2365</position>
  <length>12</length>
  <type>Location.LOCATION</type>
</specific_entity>
<specific_entity>
  <string>U.S.</string>
  <position>2683</position>
  <length>4</length>
  <type>Location.LOCATION</type>
</specific_entity>
<specific_entity>
  <string>N.Y.</string>
  <position>3175</position>
  <length>4</length>
  <type>Location.LOCATION</type>
</specific_entity>
<specific_entity>
  <string>House</string>
  <position>33</position>
  <length>5</length>
  <type>Location.LOCATION</type>
</specific_entity>
<specific_entity>
  <string>Clinton</string>
  <position>170</position>
  <length>7</length>
  <type>Location.LOCATION</type>
</specific_entity>
<specific_entity>
  <string>Washington</string>
  <position>199</position>
  <length>10</length>
  <type>Location.LOCATION</type>
</specific_entity>
<specific_entity>
  <string>Mich.</string>
  <position>468</position>
  <length>5</length>
  <type>Location.LOCATION</type>
</specific_entity>
<specific_entity>
  <string>Washington</string>
  <position>568</position>
  <length>10</length>
  <type>Location.LOCATION</type>
</specific_entity>
<specific_entity>
  <string>Harvard Law School</string>
  <position>730</position>
  <length>18</length>
  <type>Location.LOCATION</type>
</specific_entity>
<specific_entity>
  <string>Washington</string>
  <position>754</position>
  <length>10</length>
  <type>Location.LOCATION</type>
</specific_entity>
<specific_entity>
  <string>Clinton</string>
  <position>911</position>
  <length>7</length>
  <type>Location.LOCATION</type>
</specific_entity>
<specific_entity>
  <string>Clinton</string>
  <position>1569</position>
  <length>7</length>
  <type>Location.LOCATION</type>
</specific_entity>
<specific_entity>
  <string>Colorado</string>
  <position>2008</position>
  <length>8</length>
  <type>Location.LOCATION</type>
</specific_entity>
<specific_entity>
  <string>Clinton</string>
  <position>3083</position>
  <length>7</length>
  <type>Location.LOCATION</type>
</specific_entity>
<specific_entity>
  <string>Michigan</string>
  <position>3373</position>
  <length>8</length>
  <type>Location.LOCATION</type>
</specific_entity>
<specific_entity>
  <string>Clinton</string>
  <position>3602</position>
  <length>7</length>
  <type>Location.LOCATION</type>
</specific_entity>
<specific_entity>
  <string>Separately</string>
  <position>899</position>
  <length>10</length>
  <type>Location.LOCATION</type>
</specific_entity>
</specific_entities>
